{
  "Andhra Pradesh": {
    "Anantapur": {
      "lat": 14.685564,
      "lon": 77.595406
    },
    "Chittoor": {
      "lat": 13.217096,
      "lon": 79.100677
    },
    "East Godavari": {
      "lat": 17.000292,
      "lon": 81.791097
    },
    "Alluri Sitarama Raju": {
      "lat": 18.08,
      "lon": 82.67
    },
    "Anakapalli": {
      "lat": 17.686001,
      "lon": 83.008781
    },
    "Annamayya": {
      "lat": 14.916667,
      "lon": 78.783333
    },
    "Bapatla": {
      "lat": 15.892893,
      "lon": 80.467599
    },
    "Eluru": {
      "lat": 16.710708,
      "lon": 81.095184
    },
    "Guntur": {
      "lat": 16.314209,
      "lon": 80.435028
    },
    "Kadapa": {
      "lat": 14.477234,
      "lon": 78.804932
    },
    "Kakinada": {
      "lat": 16.96611,
      "lon": 82.255
    },
    "Konaseema": {
      "lat": 16.5833,
      "lon": 82.0167
    },
    "Krishna": {
      "lat": 16.1786,
      "lon": 81.132
    },
    "Kurnool": {
      "lat": 15.834536,
      "lon": 78.029366
    },
    "Manyam": {
      "lat": 19.0,
      "lon": 79.0
    },
    "N T Rama Rao": {
      "lat": 16.506155,
      "lon": 80.648015
    },
    "Nandyal": {
      "lat": 15.4829,
      "lon": 78.4836
    },
    "Nellore": {
      "lat": 14.4426,
      "lon": 79.9865
    },
    "Palnadu": {
      "lat": 16.2398,
      "lon": 79.435
    },
    "Prakasam": {
      "lat": 15.5057,
      "lon": 80.0499
    },
    "Sri Balaji": {
      "lat": 13.6288,
      "lon": 79.4192
    },
    "Sri Satya Sai": {
      "lat": 14.166667,
      "lon": 77.816667
    },
    "Srikakulam": {
      "lat": 18.2964,
      "lon": 84.1394
    },
    "Visakhapatnam": {
      "lat": 17.68682,
      "lon": 83.218513
    },
    "Vizianagaram": {
      "lat": 18.1063,
      "lon": 83.39578
    },
    "West Godavari": {
      "lat": 16.5744,
      "lon": 81.0996
    },
    "Annamaya": {
      "lat": 14.0560,
      "lon": 78.7500
    }
  },
  "Arunachal Pradesh": {
    "Anjaw": {
      "lat": 28.0667,
      "lon": 96.8333
    },
    "Bichom": {
      "lat": 27.3049,
      "lon": 92.612276
    },
    "Siang": {
      "lat": 28.2244,
      "lon": 94.9160
    },
    "Changlang": {
      "lat": 27.13984,
      "lon": 95.738248
    },
    "Dibang Valley": {
      "lat": 28.9660,
      "lon": 95.7500
    },    
    "East Kameng": {
      "lat": 27.3000,
      "lon": 93.0167
    },
    "East Siang": {
      "lat": 28.0667,
      "lon": 95.3333
    },
    "Kamle": {
      "lat": 27.8667,
      "lon": 93.5167
    },
    "Keyi Panyor": {
      "lat": 27.3833,
      "lon": 93.9833
    },
    "Kra Daadi": {
      "lat": 27.8000,
      "lon": 93.6167
    },
    "Kurung Kumey": {
      "lat": 27.9700,
      "lon": 93.3500
    },
    "Lepa Rada": {
      "lat": 27.9833,
      "lon": 94.7000
    },
    "Lohit": {
      "lat": 27.9120,
      "lon": 96.1288
    },
    "Longding": {
      "lat": 26.887282,
      "lon": 95.320301
    },
    "Lower Dibang Valley": {
      "lat": 28.1500,
      "lon": 95.8333
    },
    "Lower Siang": {
      "lat": 28.1833,
      "lon": 94.6833
    },
    "Lower Subansiri": {
      "lat": 27.5947,
      "lon": 93.8287
    },
    "Namsai": {
      "lat": 27.665839,
      "lon": 95.861432
    },
    "Pakke Kessang": {
      "lat": 27.0667,
      "lon": 93.1500
    },
    "Papum Pare": {
      "lat": 27.1000,
      "lon": 93.6167
    },
    "Shi Yomi": {
      "lat": 28.6167,
      "lon": 94.7167
    },
    "Tawang": {
      "lat": 27.587919,
      "lon": 91.863733
    },
    "Tirap": {
      "lat": 27.3333,
      "lon": 95.0167
    },
    "Upper Siang": {
      "lat": 28.9667,
      "lon": 94.8167
    },
    "Upper Subansiri": {
      "lat": 27.9333,
      "lon": 94.2167
    },
    "West Kameng": {
      "lat": 27.3500,
      "lon": 92.4000
    },
    "West Siang": {
      "lat": 28.4833,
      "lon": 94.7167
    }
  },
  "Assam": {
    "Bajali": {
      "lat": 26.5100,
      "lon": 91.1900
    },
    "Baksa": {
      "lat": 26.6980,
      "lon": 91.2410
    },
    "Barpeta": {
      "lat": 26.325782,
      "lon": 91.007571
    },
    "Biswanath": {
      "lat": 26.7010,
      "lon": 93.1470
    },
    "Bongaigaon": {
      "lat": 26.480013,
      "lon": 90.558039
    },
    "Cachar": {
      "lat": 24.8333,
      "lon": 92.7833
    },
    "Charaideo": {
      "lat": 27.0270,
      "lon": 95.0330
    },
    "Chirang": {
      "lat": 26.5360,
      "lon": 90.6330
    },
    "Darrang": {
      "lat": 26.4935,
      "lon": 92.1476
    },
    "Dhemaji": {
      "lat": 27.47638,
      "lon": 94.562962
    },
    "Dhubri": {
      "lat": 26.019642,
      "lon": 89.991393
    },
    "Dibrugarh": {
      "lat": 27.48446,
      "lon": 94.901945
    },
    "Dima Hasao": {
      "lat": 25.1700,
      "lon": 93.0200
    },
    "Goalpara": {
      "lat": 26.178362,
      "lon": 90.622668
    },
    "Golaghat": {
      "lat": 26.510826,
      "lon": 93.974369
    },
    "Hailakandi": {
      "lat": 24.684692,
      "lon": 92.564584
    },
    "Hojai": {
      "lat": 26.003194,
      "lon": 92.85229
    },
    "Jorhat": {
      "lat": 26.757793,
      "lon": 94.207965
    },
    "Kamrup Rural": {
      "lat": 26.2410,
      "lon": 91.5650
    },
    "Kamrup Metropolitan": {
      "lat": 26.1445,
      "lon": 91.7362
    },
    "Karbi Anglong": {
      "lat": 25.8400,
      "lon": 93.1500
    },
    "Karimganj": {
      "lat": 24.864721,
      "lon": 92.368111
    },
    "Kokrajhar": {
      "lat": 26.400375,
      "lon": 90.271041
    },
    "Lakhimpur": {
      "lat": 27.236211,
      "lon": 94.103876
    },
    "Majuli": {
      "lat": 26.947302,
      "lon": 94.166034
    },
    "Morigaon": {
      "lat": 26.2500,
      "lon": 92.3500
    },
    "Nagaon": {
      "lat": 26.348224,
      "lon": 92.685822
    },
    "Nalbari": {
      "lat": 26.445568,
      "lon": 91.435434
    },
    "Sivasagar": {
      "lat": 26.983494,
      "lon": 94.639423
    },
    "Sonitpur": {
      "lat": 26.6330,
      "lon": 92.8660
    },
    "South Salmara-Mankachar": {
      "lat": 25.2000,
      "lon": 89.8660
    },
    "Tamulpur": {
      "lat": 26.61084,
      "lon": 91.576156
    },
    "Tinsukia": {
      "lat": 27.487972,
      "lon": 95.360186
    },
    "Udalguri": {
      "lat": 26.750381,
      "lon": 92.097724
    },
    "West Karbi Anglong": {
      "lat": 25.9420,
      "lon": 92.5960
    }
  },
  "Bihar": {
    "Araria": {
      "lat": 26.134646,
      "lon": 87.465406
    },
    "Arwal": {
      "lat": 25.24324,
      "lon": 84.662895
    },
    "Aurangabad": {
      "lat": 24.75367,
      "lon": 84.374673
    },
    "Banka": {
      "lat": 24.881083,
      "lon": 86.919769
    },
    "Begusarai": {
      "lat": 25.413912,
      "lon": 86.13488
    },
    "Bhagalpur": {
      "lat": 25.249483,
      "lon": 86.982813
    },
    "Bhojpur": {
      "lat": 25.584032,
      "lon": 84.125913
    },
    "Buxar": {
      "lat": 25.57162,
      "lon": 83.972957
    },
    "Darbhanga": {
      "lat": 26.156999,
      "lon": 85.899507
    },
    "East Champaran": {
      "lat": 26.5950,
      "lon": 84.8550
    },
    "Gaya": {
      "lat": 24.796436,
      "lon": 85.007956
    },
    "Gopalganj": {
      "lat": 26.460969,
      "lon": 84.439829
    },
    "Jamui": {
      "lat": 24.92756,
      "lon": 86.225494
    },
    "Jehanabad": {
      "lat": 25.211338,
      "lon": 84.98737
    },
    "Kaimur": {
      "lat": 25.0470,
      "lon": 83.6020
    },
    "Katihar": {
      "lat": 25.543382,
      "lon": 87.569042
    },
    "Khagaria": {
      "lat": 25.511246,
      "lon": 86.475656
    },
    "Kishanganj": {
      "lat": 26.101419,
      "lon": 87.950779
    },
    "Lakhisarai": {
      "lat": 25.176771,
      "lon": 86.093177
    },
    "Madhepura": {
      "lat": 25.917414,
      "lon": 86.791591
    },
    "Madhubani": {
      "lat": 26.357794,
      "lon": 86.069304
    },
    "Munger": {
      "lat": 25.377352,
      "lon": 86.473104
    },
    "Muzaffarpur": {
      "lat": 26.11829,
      "lon": 85.385789
    },
    "Nalanda": {
      "lat": 25.1350,
      "lon": 85.5930
    },
    "Nawada": {
      "lat": 24.893152,
      "lon": 85.54516
    },
    "Patna": {
      "lat": 25.609324,
      "lon": 85.123525
    },
    "Purnia": {
      "lat": 25.77736,
      "lon": 87.473123
    },
    "Rohtas": {
      "lat": 24.634271,
      "lon": 83.96395
    },
    "Saharsa": {
      "lat": 25.875896,
      "lon": 86.59267
    },
    "Samastipur": {
      "lat": 25.859685,
      "lon": 85.783904
    },
    "Saran": {
      "lat": 24.483471,
      "lon": 86.309624
    },
    "Sheikhpura": {
      "lat": 25.139584,
      "lon": 85.8382
    },
    "Sheohar": {
      "lat": 26.5130,
      "lon": 85.2930
    },
    "Sitamarhi": {
      "lat": 26.594284,
      "lon": 85.500428
    },
    "Siwan": {
      "lat": 26.218456,
      "lon": 84.358506
    },
    "Supaul": {
      "lat": 26.11866,
      "lon": 86.600802
    },
    "Vaishali": {
      "lat": 25.979243,
      "lon": 85.126292
    },
    "West Champaran": {
      "lat": 26.9250,
      "lon": 84.2000
    }
  },
  "Chhattisgarh": {
    "Balod": {
      "lat": 20.727201,
      "lon": 81.20542
    },
    "Baloda Bazar": {
      "lat": 21.6550,
      "lon": 82.1600
    },
    "Balrampur Ramanujganj": {
      "lat": 23.6000,
      "lon": 83.4660
    },
    "Bastar": {
      "lat": 19.209293,
      "lon": 81.932645
    },
    "Bemetara": {
      "lat": 21.714046,
      "lon": 81.535504
    },
    "Bijapur": {
      "lat": 18.793568,
      "lon": 80.815939
    },
    "Bilaspur": {
      "lat": 22.078563,
      "lon": 82.147648
    },
    "Dantewada": {
      "lat": 18.889913,
      "lon": 81.347797
    },
    "Dhamtari": {
      "lat": 20.71026,
      "lon": 81.548724
    },
    "Durg": {
      "lat": 21.18965,
      "lon": 81.285108
    },
    "Gariaband": {
      "lat": 20.633566,
      "lon": 82.063543
    },
    "Gaurela Pendra Marwahi": {
      "lat": 22.7750,
      "lon": 81.9500
    },
    "Janjgir Champa": {
      "lat": 21.9300,
      "lon": 82.8000
    },
    "Jashpur": {
      "lat": 22.888148,
      "lon": 84.139188
    },
    "Kabirdham": {
      "lat": 22.0080,
      "lon": 81.2500
    },
    "Kanker": {
      "lat": 20.269275,
      "lon": 81.493211
    },
    "Khairagarh": {
      "lat": 21.416615,
      "lon": 80.981849
    },
    "Kondagaon": {
      "lat": 19.588577,
      "lon": 81.662874
    },
    "Korba": {
      "lat": 22.354747,
      "lon": 82.711085
    },
    "Koriya": {
      "lat": 23.3280,
      "lon": 82.3500
    },
    "Mahasamund": {
      "lat": 21.110102,
      "lon": 82.098663
    },
    "Manendragarh": {
      "lat": 23.216723,
      "lon": 82.203581
    },
    "Mohla Manpur": {
      "lat": 20.7830,
      "lon": 80.9830
    },
    "Mungeli": {
      "lat": 22.06611,
      "lon": 81.687428
    },
    "Narayanpur": {
      "lat": 19.719153,
      "lon": 81.244411
    },
    "Raigarh": {
      "lat": 21.897618,
      "lon": 83.39655
    },
    "Raipur": {
      "lat": 21.238091,
      "lon": 81.633699
    },
    "Rajnandgaon": {
      "lat": 21.096491,
      "lon": 81.029154
    },
    "Sakti": {
      "lat": 22.026256,
      "lon": 82.959829
    },
    "Sarangarh Bilaigarh": {
      "lat": 21.6000,
      "lon": 83.2160
    },
    "Sukma": {
      "lat": 18.393222,
      "lon": 81.656946
    },
    "Surajpur": {
      "lat": 23.212528,
      "lon": 82.866725
    },
    "Surguja": {
      "lat": 23.1260,
      "lon": 83.1950
    }
  },
  "Goa": {
    "North Goa": {
      "lat": 15.4909,
      "lon": 73.8278
    },
    "South Goa": {
      "lat": 15.2720,
      "lon": 73.9580
    }
  },
  "Gujarat": {
    "Ahmedabad": {
      "lat": 23.021624,
      "lon": 72.579707
    },
    "Amreli": {
      "lat": 21.600924,
      "lon": 71.216801
    },
    "Anand": {
      "lat": 22.558656,
      "lon": 72.962723
    },
    "Aravalli": {
      "lat": 23.3000,
      "lon": 73.2500
    },
    "Banaskantha": {
      "lat": 24.2000,
      "lon": 72.3330
    },
    "Bharuch": {
      "lat": 21.708043,
      "lon": 72.995694
    },
    "Bhavnagar": {
      "lat": 21.771884,
      "lon": 72.141645
    },
    "Botad": {
      "lat": 22.1686,
      "lon": 71.6685
    },
    "Chhota Udepur": {
      "lat": 22.303739,
      "lon": 74.012658
    },
    "Dahod": {
      "lat": 22.835879,
      "lon": 74.255682
    },
    "Dang": {
      "lat": 20.7500,
      "lon": 73.6830
    },
    "Devbhumi Dwarka": {
      "lat": 22.247511,
      "lon": 68.968244
    },
    "Gandhinagar": {
      "lat": 23.223288,
      "lon": 72.649227
    },
    "Gir Somnath": {
      "lat": 20.9180,
      "lon": 70.3840
    },
    "Jamnagar": {
      "lat": 22.473242,
      "lon": 70.05521
    },
    "Junagadh": {
      "lat": 21.51741,
      "lon": 70.464275
    },
    "Kheda": {
      "lat": 22.751613,
      "lon": 72.685721
    },
    "Kutch": {
      "lat": 23.7330,
      "lon": 69.8590
    },
    "Mahisagar": {
      "lat": 23.1670,
      "lon": 73.5830
    },
    "Mehsana": {
      "lat": 23.601556,
      "lon": 72.386798
    },
    "Morbi": {
      "lat": 22.817666,
      "lon": 70.834593
    },
    "Narmada": {
      "lat": 21.8700,
      "lon": 73.5080
    },
    "Navsari": {
      "lat": 20.952407,
      "lon": 72.932383
    },
    "Panchmahal": {
      "lat": 22.7800,
      "lon": 73.5700
    },
    "Patan": {
      "lat": 23.850503,
      "lon": 72.11334
    },
    "Porbandar": {
      "lat": 21.6409,
      "lon": 69.611
    },
    "Rajkot": {
      "lat": 22.305326,
      "lon": 70.802838
    },
    "Sabarkantha": {
      "lat": 23.7200,
      "lon": 72.9600
    },
    "Surat": {
      "lat": 21.209489,
      "lon": 72.831706
    },
    "Surendranagar": {
      "lat": 22.72317,
      "lon": 71.648352
    },
    "Tapi": {
      "lat": 21.2500,
      "lon": 73.5330
    },
    "Vadodara": {
      "lat": 22.297314,
      "lon": 73.194257
    },
    "Valsad": {
      "lat": 20.606777,
      "lon": 72.927288
    }
  },
  "Haryana": {
    "Ambala": {
      "lat": 30.384367,
      "lon": 76.770421
    },
    "Bhiwani": {
      "lat": 28.79317,
      "lon": 76.139128
    },
    "Charkhi Dadri": {
      "lat": 28.591993,
      "lon": 76.271982
    },
    "Faridabad": {
      "lat": 28.403148,
      "lon": 77.310556
    },
    "Fatehabad": {
      "lat": 29.510431,
      "lon": 75.453528
    },
    "Gurugram": {
      "lat": 28.464615,
      "lon": 77.029919
    },
    "Hisar": {
      "lat": 29.156269,
      "lon": 75.72923
    },
    "Jhajjar": {
      "lat": 28.606683,
      "lon": 76.658076
    },
    "Jind": {
      "lat": 29.315207,
      "lon": 76.314082
    },
    "Kaithal": {
      "lat": 29.799659,
      "lon": 76.39899
    },
    "Karnal": {
      "lat": 29.680327,
      "lon": 76.989625
    },
    "Kurukshetra": {
      "lat": 29.969375,
      "lon": 76.848279
    },
    "Mahendragarh": {
      "lat": 28.265912,
      "lon": 76.151476
    },
    "Nuh": {
      "lat": 28.103337,
      "lon": 77.004799
    },
    "Palwal": {
      "lat": 28.140574,
      "lon": 77.32598
    },
    "Panchkula": {
      "lat": 30.69754,
      "lon": 76.855107
    },
    "Panipat": {
      "lat": 29.391275,
      "lon": 76.977167
    },
    "Rewari": {
      "lat": 28.195647,
      "lon": 76.616518
    },
    "Rohtak": {
      "lat": 28.90109,
      "lon": 76.580193
    },
    "Sirsa": {
      "lat": 29.537285,
      "lon": 75.037765
    },
    "Sonipat": {
      "lat": 28.995376,
      "lon": 77.023363
    },
    "Yamunanagar": {
      "lat": 30.123135,
      "lon": 77.286329
    }
  },
  "Himachal Pradesh": {
    "Bilaspur": {
      "lat": 31.338096,
      "lon": 76.761163
    },
    "Chamba": {
      "lat": 32.556504,
      "lon": 76.124997
    },
    "Hamirpur": {
      "lat": 31.68487,
      "lon": 76.525449
    },
    "Kangra": {
      "lat": 32.103165,
      "lon": 76.272356
    },
    "Kinnaur": {
      "lat": 31.5830,
      "lon": 78.4830
    },
    "Kullu": {
      "lat": 31.957897,
      "lon": 77.108923
    },
    "Lahaul and Spiti": {
      "lat": 32.5710,
      "lon": 77.0350
    },
    "Mandi": {
      "lat": 31.70845,
      "lon": 76.929378
    },
    "Shimla": {
      "lat": 31.104153,
      "lon": 77.170973
    },
    "Sirmaur": {
      "lat": 30.7490,
      "lon": 77.2860
    },
    "Solan": {
      "lat": 30.907757,
      "lon": 77.102364
    },
    "Una": {
      "lat": 31.467114,
      "lon": 76.272052
    }
  },
  "Jammu and Kashmir": {
    "Anantnag": { "lat": 33.7310, "lon": 75.1487 },
    "Bandipora": { "lat": 34.4229, "lon": 74.6370 },
    "Baramulla": { "lat": 34.2090, "lon": 74.3429 },
    "Budgam": { "lat": 34.0186, "lon": 74.7270 },
    "Doda": { "lat": 33.1480, "lon": 75.5490 },
    "Ganderbal": { "lat": 34.2160, "lon": 74.7740 },
    "Jammu": { "lat": 32.7266, "lon": 74.8570 },
    "Kathua": { "lat": 32.3860, "lon": 75.5173 },
    "Kishtwar": { "lat": 33.3110, "lon": 75.7660 },
    "Kulgam": { "lat": 33.6440, "lon": 75.0190 },
    "Kupwara": { "lat": 34.5263, "lon": 74.2530 },
    "Poonch": { "lat": 33.7689, "lon": 74.0920 },
    "Pulwama": { "lat": 33.8730, "lon": 74.8990 },
    "Rajouri": { "lat": 33.3783, "lon": 74.3090 },
    "Ramban": { "lat": 33.2457, "lon": 75.2422 },
    "Reasi": { "lat": 33.0819, "lon": 74.8326 },
    "Samba": { "lat": 32.5620, "lon": 75.1120 },
    "Shopian": { "lat": 33.7170, "lon": 74.8340 },
    "Srinagar": { "lat": 34.0837, "lon": 74.7973 },
    "Udhampur": { "lat": 32.9166, "lon": 75.1416 }
  },
  "Jharkhand": {
    "Bokaro": {
      "lat": 23.654434,
      "lon": 86.145644
    },
    "Chatra": {
      "lat": 24.205666,
      "lon": 84.870774
    },
    "Deoghar": {
      "lat": 24.489832,
      "lon": 86.699018
    },
    "Dhanbad": {
      "lat": 23.795281,
      "lon": 86.430964
    },
    "Dumka": {
      "lat": 24.267794,
      "lon": 87.248549
    },
    "East Singhbhum": {
      "lat": 22.8000,
      "lon": 86.1830
    },
    "Garhwa": {
      "lat": 24.160036,
      "lon": 83.807543
    },
    "Giridih": {
      "lat": 24.18626,
      "lon": 86.308724
    },
    "Godda": {
      "lat": 24.826982,
      "lon": 87.212476
    },
    "Gumla": {
      "lat": 23.042608,
      "lon": 84.542229
    },
    "Hazaribagh": {
      "lat": 23.992435,
      "lon": 85.361625
    },
    "Jamtara": {
      "lat": 23.963045,
      "lon": 86.80276
    },
    "Khunti": {
      "lat": 23.077096,
      "lon": 85.280046
    },
    "Koderma": {
      "lat": 24.4670,
      "lon": 85.5930
    },
    "Latehar": {
      "lat": 23.74423,
      "lon": 84.499839
    },
    "Lohardaga": {
      "lat": 23.433053,
      "lon": 84.679921
    },
    "Pakur": {
      "lat": 24.639277,
      "lon": 87.842371
    },
    "Palamu": {
      "lat": 24.0420,
      "lon": 84.0820
    },
    "Ramgarh": {
      "lat": 23.630321,
      "lon": 85.521588
    },
    "Ranchi": {
      "lat": 23.37005,
      "lon": 85.325039
    },
    "Sahebganj": {
      "lat": 25.2400,
      "lon": 87.6300
    },
    "Seraikela Kharsawan": {
      "lat": 22.7000,
      "lon": 85.9300
    },
    "Simdega": {
      "lat": 22.611621,
      "lon": 84.500664
    },
    "West Singhbhum": {
      "lat": 22.5700,
      "lon": 85.8200
    }
  },
  "Karnataka": {
    "Bagalkot": {
      "lat": 16.185317,
      "lon": 75.696792
    },
    "Ballari": {
      "lat": 15.143022,
      "lon": 76.917328
    },
    "Belagavi": {
      "lat": 15.857267,
      "lon": 74.506934
    },
    "Bengaluru Rural": {
      "lat": 13.3300,
      "lon": 77.1320
    },
    "Bengaluru Urban": {
      "lat": 12.9716,
      "lon": 77.5946
    },
    "Bidar": {
      "lat": 17.914377,
      "lon": 77.526357
    },
    "Chamarajanagar": {
      "lat": 11.9230,
      "lon": 76.9390
    },
    "Chikkaballapur": {
      "lat": 13.4350,
      "lon": 77.7310
    },
    "Chikkamagaluru": {
      "lat": 13.318014,
      "lon": 75.773874
    },
    "Chitradurga": {
      "lat": 14.226644,
      "lon": 76.400512
    },
    "Dakshina Kannada": {
      "lat": 12.9141,
      "lon": 74.8560
    },
    "Davanagere": {
      "lat": 14.466127,
      "lon": 75.920636
    },
    "Dharwad": {
      "lat": 15.45405,
      "lon": 75.006652
    },
    "Gadag": {
      "lat": 15.426365,
      "lon": 75.630079
    },
    "Hassan": {
      "lat": 13.007082,
      "lon": 76.09927
    },
    "Haveri": {
      "lat": 14.787482,
      "lon": 75.399673
    },
    "Kalaburagi": {
      "lat": 17.3297,
      "lon": 76.8343
    },
    "Kodagu": {
      "lat": 12.233519,
      "lon": 76.281886
    },
    "Kolar": {
      "lat": 13.13672,
      "lon": 78.133725
    },
    "Koppal": {
      "lat": 15.348414,
      "lon": 76.154742
    },
    "Mandya": {
      "lat": 12.523889,
      "lon": 76.896196
    },
    "Mysuru": {
      "lat": 12.305183,
      "lon": 76.655361
    },
    "Raichur": {
      "lat": 16.198322,
      "lon": 77.352744
    },
    "Ramanagara": {
      "lat": 15.422125,
      "lon": 74.488788
    },
    "Shivamogga": {
      "lat": 13.932609,
      "lon": 75.574978
    },
    "Tumakuru": {
      "lat": 13.340077,
      "lon": 77.100621
    },
    "Udupi": {
      "lat": 13.3409,
      "lon": 74.7421
    },
    "Uttara Kannada": {
      "lat": 14.8000,
      "lon": 74.1330
    },
    "Vijayapura": { 
      "lat": 16.826991, 
      "lon": 75.717539 
    },
    "Yadgir": {
      "lat": 16.7700,
      "lon": 77.1370
    }
  },
  "Kerala": {
    "Alappuzha": {
      "lat": 9.498,
      "lon": 76.333482
    },
    "Ernakulam": {
      "lat": 9.98408,
      "lon": 76.274146
    },
    "Idukki": {
      "lat": 9.832436,
      "lon": 76.99812
    },
    "Kannur": {
      "lat": 11.876384,
      "lon": 75.373797
    },
    "Kasaragod": {
      "lat": 12.503558,
      "lon": 74.990702
    },
    "Kollam": {
      "lat": 8.887082,
      "lon": 76.590702
    },
    "Kottayam": {
      "lat": 9.591564,
      "lon": 76.52216
    },
    "Kozhikode": {
      "lat": 11.245056,
      "lon": 75.775472
    },
    "Malappuram": {
      "lat": 11.042893,
      "lon": 76.080784
    },
    "Palakkad": {
      "lat": 10.768193,
      "lon": 76.652132
    },
    "Pathanamthitta": {
      "lat": 9.265534,
      "lon": 76.787151
    },
    "Thiruvananthapuram": {
      "lat": 8.488227,
      "lon": 76.947551
    },
    "Thrissur": {
      "lat": 10.52701,
      "lon": 76.214621
    },
    "Wayanad": {
      "lat": 11.6100,
      "lon": 76.0800
    }
  },
  "Madhya Pradesh": {
    "Agar Malwa": {
      "lat": 23.7110,
      "lon": 76.0160
    },
    "Alirajpur": {
      "lat": 22.30505,
      "lon": 74.348972
    },
    "Anuppur": {
      "lat": 23.11846,
      "lon": 81.699204
    },
    "Ashoknagar": {
      "lat": 24.576189,
      "lon": 77.730289
    },
    "Balaghat": {
      "lat": 21.813342,
      "lon": 80.191669
    },
    "Barwani": {
      "lat": 22.033362,
      "lon": 74.897837
    },
    "Betul": {
      "lat": 21.899819,
      "lon": 77.895915
    },
    "Bhind": {
      "lat": 26.565236,
      "lon": 78.788986
    },
    "Bhopal": {
      "lat": 23.258486,
      "lon": 77.401989
    },
    "Burhanpur": {
      "lat": 21.311884,
      "lon": 76.229199
    },
    "Chhatarpur": {
      "lat": 24.920466,
      "lon": 79.583975
    },
    "Chhindwara": {
      "lat": 22.057824,
      "lon": 78.93862
    },
    "Damoh": {
      "lat": 23.839568,
      "lon": 79.444436
    },
    "Datia": {
      "lat": 25.668939,
      "lon": 78.458231
    },
    "Dewas": {
      "lat": 22.96363,
      "lon": 76.054867
    },
    "Dhar": {
      "lat": 22.59724,
      "lon": 75.306565
    },
    "Dindori": {
      "lat": 22.921336,
      "lon": 81.080856
    },
    "Guna": {
      "lat": 24.647663,
      "lon": 77.316178
    },
    "Gwalior": {
      "lat": 26.203725,
      "lon": 78.157363
    },
    "Harda": {
      "lat": 22.338883,
      "lon": 77.092993
    },
    "Hoshangabad": {
      "lat": 22.754554,
      "lon": 77.719825
    },
    "Indore": {
      "lat": 22.720362,
      "lon": 75.8682
    },
    "Jabalpur": {
      "lat": 23.160894,
      "lon": 79.94977
    },
    "Jhabua": {
      "lat": 22.769674,
      "lon": 74.591217
    },
    "Katni": {
      "lat": 23.833962,
      "lon": 80.392456
    },
    "Khandwa": {
      "lat": 21.820375,
      "lon": 76.355542
    },
    "Khargone": {
      "lat": 21.825599,
      "lon": 75.614182
    },
    "Mandla": {
      "lat": 22.597808,
      "lon": 80.372078
    },
    "Mandsaur": {
      "lat": 24.06829,
      "lon": 75.074239
    },
    "Morena": {
      "lat": 26.490991,
      "lon": 77.981366
    },
    "Narsinghpur": {
      "lat": 22.946705,
      "lon": 79.198023
    },
    "Neemuch": {
      "lat": 24.465002,
      "lon": 74.868951
    },
    "Niwari": {
      "lat": 24.256147,
      "lon": 78.324559
    },
    "Panna": {
      "lat": 24.716664,
      "lon": 80.184572
    },
    "Raisen": {
      "lat": 23.330111,
      "lon": 77.784251
    },
    "Rajgarh": {
      "lat": 24.005116,
      "lon": 76.733677
    },
    "Ratlam": {
      "lat": 23.331104,
      "lon": 75.036085
    },
    "Rewa": {
      "lat": 24.5359,
      "lon": 81.2934
    },
    "Sagar": {
      "lat": 23.841779,
      "lon": 78.746682
    },
    "Satna": {
      "lat": 24.575131,
      "lon": 80.832572
    },
    "Sehore": {
      "lat": 23.20492,
      "lon": 77.084575
    },
    "Seoni": {
      "lat": 22.091005,
      "lon": 79.550779
    },
    "Shahdol": {
      "lat": 23.300234,
      "lon": 81.364771
    },
    "Shajapur": {
      "lat": 23.42407,
      "lon": 76.28387
    },
    "Sheopur": {
      "lat": 25.665661,
      "lon": 76.695484
    },
    "Shivpuri": {
      "lat": 25.423526,
      "lon": 77.655142
    },
    "Sidhi": {
      "lat": 24.410892,
      "lon": 81.879469
    },
    "Singrauli": {
      "lat": 24.197443,
      "lon": 82.666145
    },
    "Tikamgarh": {
      "lat": 24.742862,
      "lon": 78.832202
    },
    "Ujjain": {
      "lat": 23.188513,
      "lon": 75.771656
    },
    "Umaria": {
      "lat": 23.524656,
      "lon": 80.836141
    },
    "Vidisha": {
      "lat": 23.520813,
      "lon": 77.806318
    }
  },
  "Maharashtra": {
    "Ahmednagar": {
      "lat": 19.092952,
      "lon": 74.749345
    },
    "Akola": {
      "lat": 20.71166,
      "lon": 77.002632
    },
    "Amravati": {
      "lat": 20.931622,
      "lon": 77.758846
    },
    "Aurangabad": {
      "lat": 19.877263,
      "lon": 75.339024
    },
    "Beed": {
      "lat": 18.990406,
      "lon": 75.754229
    },
    "Bhandara": {
      "lat": 21.17067,
      "lon": 79.65658
    },
    "Buldhana": {
      "lat": 20.53208,
      "lon": 76.179911
    },
    "Chandrapur": {
      "lat": 19.950816,
      "lon": 79.298667
    },
    "Dhule": {
      "lat": 20.898,
      "lon": 74.7732
    },
    "Gadchiroli": {
      "lat": 20.185396,
      "lon": 80.003509
    },
    "Gondia": {
      "lat": 21.455228,
      "lon": 80.196273
    },
    "Hingoli": {
      "lat": 19.715847,
      "lon": 77.138836
    },
    "Jalgaon": {
      "lat": 20.996845,
      "lon": 75.56838
    },
    "Jalna": {
      "lat": 19.839339,
      "lon": 75.881881
    },
    "Kolhapur": {
      "lat": 16.702841,
      "lon": 74.240533
    },
    "Latur": {
      "lat": 18.398227,
      "lon": 76.562591
    },
    "Mumbai City": {
      "lat": 18.973354,
      "lon": 72.828105
    },
    "Mumbai Suburban": {
      "lat": 19.054999,
      "lon": 72.869203
    },
    "Nagpur": {
      "lat": 21.149813,
      "lon": 79.082056
    },
    "Nanded": {
      "lat": 20.739199,
      "lon": 79.781004
    },
    "Nandurbar": {
      "lat": 21.363778,
      "lon": 74.241142
    },
    "Nashik": {
      "lat": 20.011247,
      "lon": 73.790236
    },
    "Osmanabad": {
      "lat": 18.185357,
      "lon": 76.042025
    },
    "Palghar": {
      "lat": 19.697875,
      "lon": 72.768694
    },
    "Parbhani": {
      "lat": 19.262469,
      "lon": 76.7718
    },
    "Pune": {
      "lat": 18.521428,
      "lon": 73.854454
    },
    "Raigad": {
      "lat": 18.5200,
      "lon": 73.1500
    },
    "Ratnagiri": {
      "lat": 16.993352,
      "lon": 73.295437
    },
    "Sangli": {
      "lat": 16.850253,
      "lon": 74.594888
    },
    "Satara": {
      "lat": 17.688321,
      "lon": 74.004173
    },
    "Sindhudurg": {
      "lat": 16.3490,
      "lon": 73.5590
    },
    "Solapur": {
      "lat": 17.669973,
      "lon": 75.900812
    },
    "Thane": {
      "lat": 19.214809,
      "lon": 72.970952
    },
    "Wardha": {
      "lat": 20.746494,
      "lon": 78.599792
    },
    "Washim": {
      "lat": 20.102921,
      "lon": 77.135387
    },
    "Yavatmal": {
      "lat": 20.390344,
      "lon": 78.132852
    }
  },
  "Manipur": {
    "Bishnupur": {
      "lat": 24.626729,
      "lon": 93.760045
    },
    "Chandel": {
      "lat": 24.331201,
      "lon": 94.001108
    },
    "Churachandpur": {
      "lat": 24.346884,
      "lon": 93.699414
    },
    "Imphal East": {
      "lat": 24.8180,
      "lon": 93.9500
    },
    "Imphal West": {
      "lat": 24.8080,
      "lon": 93.9400
    },
    "Jiribam": {
      "lat": 24.809825,
      "lon": 93.113727
    },
    "Kakching": {
      "lat": 24.497483,
      "lon": 93.983554
    },
    "Kamjong": {
      "lat": 24.857785,
      "lon": 94.510776
    },
    "Kangpokpi": {
      "lat": 25.152433,
      "lon": 93.971493
    },
    "Noney": {
      "lat": 24.862587,
      "lon": 93.623745
    },
    "Pherzawl": {
      "lat": 24.259565,
      "lon": 93.1906
    },
    "Senapati": {
      "lat": 25.272663,
      "lon": 94.026749
    },
    "Tamenglong": {
      "lat": 24.98586,
      "lon": 93.503997
    },
    "Tengnoupal": {
      "lat": 24.38478,
      "lon": 94.147263
    },
    "Thoubal": {
      "lat": 24.638695,
      "lon": 93.996871
    },
    "Ukhrul": {
      "lat": 25.098265,
      "lon": 94.363167
    }
  },
  "Meghalaya": {
    "East Garo Hills": {
      "lat": 25.5730,
      "lon": 90.6250
    },
    "East Jaintia Hills": {
      "lat": 25.3500,
      "lon": 92.3500
    },
    "East Khasi Hills": {
      "lat": 25.5788,
      "lon": 91.8933
    },
    "Eastern West Khasi Hills": {
      "lat": 25.4920,
      "lon": 91.2730
    },
    "North Garo Hills": {
      "lat": 25.8900,
      "lon": 90.6200
    },
    "Ri Bhoi": {
      "lat": 25.9000,
      "lon": 91.8800
    },
    "South Garo Hills": {
      "lat": 25.3100,
      "lon": 90.5300
    },
    "South West Garo Hills": {
      "lat": 25.2830,
      "lon": 90.0830
    },
    "South West Khasi Hills": {
      "lat": 25.4150,
      "lon": 91.2690
    },
    "West Garo Hills": {
      "lat": 25.5700,
      "lon": 90.2200
    },
    "West Jaintia Hills": {
      "lat": 25.4500,
      "lon": 92.2000
    },
    "West Khasi Hills": {
      "lat": 25.5660,
      "lon": 91.2640
    }
  },
  "Mizoram": {
    "Aizawl": {
      "lat": 23.7300,
      "lon": 92.7200
    },
    "Champhai": {
      "lat": 23.4560,
      "lon": 93.3280
    },
    "Hnahthial": {
      "lat": 22.9240,
      "lon": 92.7600
    },
    "Khawzawl": {
      "lat": 23.4830,
      "lon": 93.1000
    },
    "Kolasib": {
      "lat": 24.2230,
      "lon": 92.6750
    },
    "Lawngtlai": {
      "lat": 22.528037,
      "lon": 92.898086
    },
    "Lunglei": {
      "lat": 22.893169,
      "lon": 92.747039
    },
    "Mamit": {
      "lat": 23.9300,
      "lon": 92.4900
    },
    "Saiha": {
      "lat": 22.4830,
      "lon": 92.9800
    },
    "Saitual": {
      "lat": 23.6000,
      "lon": 93.0000
    },
    "Serchhip": {
      "lat": 23.3000,
      "lon": 92.8330
    }
  },
  "Nagaland": {
    "Chümoukedima": {
      "lat": 25.6660,
      "lon": 93.7460
    },
    "Dimapur": {
      "lat": 25.911744,
      "lon": 93.721703
    },
    "Kiphire": {
      "lat": 25.88673,
      "lon": 94.786349
    },
    "Kohima": {
      "lat": 25.661876,
      "lon": 94.101916
    },
    "Longleng": {
      "lat": 26.488885,
      "lon": 94.813153
    },
    "Mokokchung": {
      "lat": 26.323876,
      "lon": 94.52141
    },
    "Mon": {
      "lat": 26.725258,
      "lon": 95.030436
    },
    "Niuland": {
      "lat": 25.9700,
      "lon": 93.7400
    },
    "Noklak": {
      "lat": 26.200268,
      "lon": 95.020859
    },
    "Peren": {
      "lat": 25.540353,
      "lon": 93.735064
    },
    "Phek": {
      "lat": 25.709834,
      "lon": 94.463343
    },
    "Shamator": {
      "lat": 26.071415,
      "lon": 94.874522
    },
    "Tseminyu": {
      "lat": 25.923015,
      "lon": 94.222351
    },
    "Tuensang": {
      "lat": 26.239331,
      "lon": 94.814693
    },
    "Wokha": {
      "lat": 26.096296,
      "lon": 94.254449
    },
    "Zünheboto": {
      "lat": 26.015029,
      "lon": 94.528873
    }
  },
  "Odisha": {
    "Angul": {
      "lat": 20.838243,
      "lon": 85.097395
    },
    "Balangir": {
      "lat": 20.704147,
      "lon": 83.490289
    },
    "Balasore": {
      "lat": 21.50171,
      "lon": 86.921671
    },
    "Bargarh": {
      "lat": 21.3335,
      "lon": 83.619049
    },
    "Bhadrak": {
      "lat": 21.063329,
      "lon": 86.505373
    },
    "Boudh": {
      "lat": 20.841562,
      "lon": 84.321332
    },
    "Cuttack": {
      "lat": 20.4686,
      "lon": 85.8792
    },
    "Debagarh": {
      "lat": 21.537079,
      "lon": 84.730118
    },
    "Dhenkanal": {
      "lat": 20.661377,
      "lon": 85.600963
    },
    "Gajapati": {
      "lat": 19.3089,
      "lon": 84.818879
    },
    "Ganjam": {
      "lat": 19.38839,
      "lon": 85.049679
    },
    "Jagatsinghpur": {
      "lat": 20.259387,
      "lon": 86.166088
    },
    "Jajpur": {
      "lat": 20.85227,
      "lon": 86.338571
    },
    "Jharsuguda": {
      "lat": 21.865363,
      "lon": 84.023966
    },
    "Kalahandi": {
      "lat": 19.250989,
      "lon": 83.420606
    },
    "Kandhamal": {
      "lat": 20.1300,
      "lon": 84.0500
    },
    "Kendrapara": {
      "lat": 20.504209,
      "lon": 86.415994
    },
    "Kendujhar": {
      "lat": 21.63762,
      "lon": 85.608864
    },
    "Khordha": {
      "lat": 20.172772,
      "lon": 85.613861
    },
    "Koraput": {
      "lat": 18.810946,
      "lon": 82.714133
    },
    "Malkangiri": {
      "lat": 18.3550,
      "lon": 81.8930
    },
    "Mayurbhanj": {
      "lat": 22.1800,
      "lon": 86.3500
    },
    "Nabarangpur": {
      "lat": 19.2400,
      "lon": 82.5500
    },
    "Nayagarh": {
      "lat": 20.12728,
      "lon": 85.104406
    },
    "Nuapada": {
      "lat": 20.808521,
      "lon": 82.534024
    },
    "Puri": {
      "lat": 19.807608,
      "lon": 85.825254
    },
    "Rayagada": {
      "lat": 19.1696,
      "lon": 83.418
    },
    "Sambalpur": {
      "lat": 21.470539,
      "lon": 83.976151
    },
    "Subarnapur": {
      "lat": 19.169856,
      "lon": 84.655774
    },
    "Sundargarh": {
      "lat": 22.119973,
      "lon": 84.036993
    }
  },
  "Punjab": {
    "Amritsar": {
      "lat": 31.634308,
      "lon": 74.873679
    },
    "Barnala": {
      "lat": 30.376201,
      "lon": 75.543593
    },
    "Bathinda": {
      "lat": 30.206791,
      "lon": 74.94637
    },
    "Faridkot": {
      "lat": 30.672977,
      "lon": 74.751703
    },
    "Fatehgarh Sahib": {
      "lat": 30.646674,
      "lon": 76.388756
    },
    "Fazilka": {
      "lat": 30.40321,
      "lon": 74.031061
    },
    "Firozpur": {
      "lat": 30.961178,
      "lon": 74.609248
    },
    "Gurdaspur": {
      "lat": 32.041913,
      "lon": 75.400168
    },
    "Hoshiarpur": {
      "lat": 31.532852,
      "lon": 75.902548
    },
    "Jalandhar": {
      "lat": 31.332376,
      "lon": 75.576889
    },
    "Kapurthala": {
      "lat": 31.381501,
      "lon": 75.384377
    },
    "Ludhiana": {
      "lat": 30.909016,
      "lon": 75.851601
    },
    "Malerkotla": {
      "lat": 30.533129,
      "lon": 75.88076
    },
    "Mansa": {
      "lat": 29.994685,
      "lon": 75.402222
    },
    "Moga": {
      "lat": 30.822341,
      "lon": 75.173097
    },
    "Mohali": {
      "lat": 30.704117,
      "lon": 76.717688
    },
    "Muktsar": {
      "lat": 30.4692,
      "lon": 74.5182
    },
    "Pathankot": {
      "lat": 32.269245,
      "lon": 75.652886
    },
    "Patiala": {
      "lat": 30.330199,
      "lon": 76.400766
    },
    "Rupnagar": {
      "lat": 30.968837,
      "lon": 76.526088
    },
    "Sangrur": {
      "lat": 30.243201,
      "lon": 75.835812
    },
    "Shaheed Bhagat Singh Nagar": {
      "lat": 31.1280,
      "lon": 76.1310
    },
    "Tarn Taran": {
      "lat": 31.455525,
      "lon": 74.926962
    }
  },
  "Rajasthan": {
    "Ajmer": {
      "lat": 26.4691,
      "lon": 74.639
    },
    "Alwar": {
      "lat": 27.564595,
      "lon": 76.613225
    },
    "Anupgarh": {
      "lat": 29.190646,
      "lon": 73.2114
    },
    "Balotra": {
      "lat": 25.834763,
      "lon": 72.241091
    },
    "Banswara": {
      "lat": 23.550075,
      "lon": 74.446294
    },
    "Baran": {
      "lat": 25.09819,
      "lon": 76.516988
    },
    "Barmer": {
      "lat": 25.745304,
      "lon": 71.399822
    },
    "Beawar": {
      "lat": 26.099214,
      "lon": 74.312704
    },
    "Bharatpur": {
      "lat": 27.215445,
      "lon": 77.498696
    },
    "Bhilwara": {
      "lat": 25.348,
      "lon": 74.636
    },
    "Bikaner": {
      "lat": 28.015929,
      "lon": 73.317137
    },
    "Bundi": {
      "lat": 25.441614,
      "lon": 75.637581
    },
    "Chittorgarh": {
      "lat": 24.883716,
      "lon": 74.624415
    },
    "Churu": {
      "lat": 28.298335,
      "lon": 74.967931
    },
    "Dausa": {
      "lat": 26.893342,
      "lon": 76.337651
    },
    "Deeg": {
      "lat": 27.477332,
      "lon": 77.325703
    },
    "Dholpur": {
      "lat": 26.701064,
      "lon": 77.896749
    },
    "Didwana-Kuchaman": {
      "lat": 27.4000,
      "lon": 74.5660
    },
    "Dudu": {
      "lat": 26.681122,
      "lon": 75.232076
    },
    "Dungarpur": {
      "lat": 23.853889,
      "lon": 73.708718
    },
    "Gangapur City": {
      "lat": 26.476691,
      "lon": 76.723275
    },
    "Hanumangarh": {
      "lat": 29.576025,
      "lon": 74.33422
    },
    "Jaipur": {
      "lat": 26.915458,
      "lon": 75.818982
    },
    "Jaipur Rural": {
      "lat": 26.9000,
      "lon": 75.8000
    },
    "Jaisalmer": {
      "lat": 26.911662,
      "lon": 70.912489
    },
    "Jalore": {
      "lat": 25.347601,
      "lon": 72.626092
    },
    "Jhalawar": {
      "lat": 24.59317,
      "lon": 76.166453
    },
    "Jhunjhunu": {
      "lat": 28.128799,
      "lon": 75.399258
    },
    "Jodhpur": {
      "lat": 26.296772,
      "lon": 73.035143
    },
    "Jodhpur Rural": {
      "lat": 26.3000,
      "lon": 73.1500
    },
    "Karauli": {
      "lat": 26.4956,
      "lon": 77.0275
    },
    "Kekri": {
      "lat": 25.974212,
      "lon": 75.154567
    },
    "Khairthal–Tijara": {
      "lat": 27.8400,
      "lon": 76.6500
    },
    "Kota": {
      "lat": 25.173702,
      "lon": 75.857419
    },
    "Kotputli-Behror": {
      "lat": 27.7000,
      "lon": 76.2000
    },
    "Nagaur": {
      "lat": 27.200084,
      "lon": 73.737745
    },
    "Neem ka Thana": {
      "lat": 27.73601,
      "lon": 75.785421
    },
    "Pali": {
      "lat": 25.768238,
      "lon": 73.327513
    },
    "Phalodi": {
      "lat": 27.129412,
      "lon": 72.364964
    },
    "Pratapgarh": {
      "lat": 24.033349,
      "lon": 74.780131
    },
    "Rajsamand": {
      "lat": 25.058582,
      "lon": 73.888082
    },
    "Salumbar": {
      "lat": 24.139048,
      "lon": 74.046186
    },
    "Sanchore": {
      "lat": 24.753386,
      "lon": 71.77201
    },
    "Sawai Madhopur": {
      "lat": 26.018892,
      "lon": 76.352244
    },
    "Shahpura": {
      "lat": 25.630134,
      "lon": 74.926438
    },
    "Sikar": {
      "lat": 27.609186,
      "lon": 75.13955
    },
    "Sirohi": {
      "lat": 24.8858,
      "lon": 72.8589
    },
    "Sri Ganganagar": {
      "lat": 29.927056,
      "lon": 73.876152
    },
    "Tonk": {
      "lat": 26.161244,
      "lon": 75.78581
    },
    "Udaipur": {
      "lat": 24.578721,
      "lon": 73.686257
    }
  },
  "Sikkim": {
    "East Sikkim": {
      "lat": 27.3360,
      "lon": 88.6130
    },
    "North Sikkim": {
      "lat": 27.6500,
      "lon": 88.5300
    },
    "Pakyong": {
      "lat": 27.243611,
      "lon": 88.598499
    },
    "Soreng": {
      "lat": 27.170641,
      "lon": 88.199457
    },
    "South Sikkim": {
      "lat": 27.2750,
      "lon": 88.3950
    },
    "West Sikkim": {
      "lat": 27.3000,
      "lon": 88.2000
    }
  },
  "Tamil Nadu": {
    "Ariyalur": {
      "lat": 13.191872,
      "lon": 80.250742
    },
    "Chengalpattu": {
      "lat": 12.684089,
      "lon": 79.983637
    },
    "Chennai": {
      "lat": 13.083694,
      "lon": 80.270186
    },
    "Coimbatore": {
      "lat": 11.001812,
      "lon": 76.962842
    },
    "Cuddalore": {
      "lat": 11.756433,
      "lon": 79.763464
    },
    "Dharmapuri": {
      "lat": 12.134799,
      "lon": 78.158986
    },
    "Dindigul": {
      "lat": 10.365646,
      "lon": 77.969326
    },
    "Erode": {
      "lat": 11.330648,
      "lon": 77.727652
    },
    "Kallakurichi": {
      "lat": 11.740626,
      "lon": 78.963713
    },
    "Kanchipuram": {
      "lat": 12.836393,
      "lon": 79.70533
    },
    "Kanyakumari": {
      "lat": 8.079252,
      "lon": 77.549934
    },
    "Karur": {
      "lat": 10.959604,
      "lon": 78.08078
    },
    "Krishnagiri": {
      "lat": 12.518883,
      "lon": 78.220654
    },
    "Madurai": {
      "lat": 9.926115,
      "lon": 78.114098
    },
    "Mayiladuthurai": {
      "lat": 11.101861,
      "lon": 79.650316
    },
    "Nagapattinam": {
      "lat": 10.764795,
      "lon": 79.843078
    },
    "Namakkal": {
      "lat": 11.219169,
      "lon": 78.16787
    },
    "Nilgiris": {
      "lat": 11.4100,
      "lon": 76.7000
    },
    "Perambalur": {
      "lat": 11.23567,
      "lon": 78.868835
    },
    "Pudukkottai": {
      "lat": 10.382651,
      "lon": 78.819126
    },
    "Ramanathapuram": {
      "lat": 9.365235,
      "lon": 78.834319
    },
    "Ranipet": {
      "lat": 12.929245,
      "lon": 79.332171
    },
    "Salem": {
      "lat": 11.661201,
      "lon": 78.16025
    },
    "Sivaganga": {
      "lat": 9.848688,
      "lon": 78.487046
    },
    "Tenkasi": {
      "lat": 8.95579,
      "lon": 77.307256
    },
    "Thanjavur": {
      "lat": 10.786027,
      "lon": 79.13815
    },
    "Theni": {
      "lat": 10.010814,
      "lon": 77.48101
    },
    "Thoothukudi": {
      "lat": 8.80526,
      "lon": 78.145274
    },
    "Tiruchirappalli": {
      "lat": 10.804973,
      "lon": 78.68703
    },
    "Tirunelveli": {
      "lat": 8.728427,
      "lon": 77.711292
    },
    "Tirupattur": {
      "lat": 12.490898,
      "lon": 78.564709
    },
    "Tiruppur": {
      "lat": 11.101781,
      "lon": 77.345192
    },
    "Tiruvallur": {
      "lat": 13.139422,
      "lon": 79.907084
    },
    "Tiruvannamalai": {
      "lat": 12.234323,
      "lon": 79.076199
    },
    "Tiruvarur": {
      "lat": 10.7720,
      "lon": 79.6360
    },
    "Vellore": {
      "lat": 12.907175,
      "lon": 79.13097
    },
    "Viluppuram": {
      "lat": 11.942589,
      "lon": 79.495063
    },
    "Virudhunagar": {
      "lat": 9.58224,
      "lon": 77.9537
    }
  },
  "Telangana": {
    "Adilabad": {
      "lat": 19.675945,
      "lon": 78.53399
    },
    "Bhadradri Kothagudem": {
      "lat": 17.5520,
      "lon": 80.6160
    },
    "Hyderabad": {
      "lat": 17.360589,
      "lon": 78.474061
    },
    "Jagtial": {
      "lat": 18.795663,
      "lon": 78.91624
    },
    "Jangaon": {
      "lat": 17.724377,
      "lon": 79.157082
    },
    "Jayashankar Bhupalpally": {
      "lat": 18.4290,
      "lon": 80.0790
    },
    "Jogulamba Gadwal": {
      "lat": 16.2300,
      "lon": 77.8000
    },
    "Kamareddy": {
      "lat": 18.322209,
      "lon": 78.338712
    },
    "Karimnagar": {
      "lat": 18.434812,
      "lon": 79.132804
    },
    "Khammam": {
      "lat": 17.246535,
      "lon": 80.150033
    },
    "Komaram Bheem": {
      "lat": 19.3580,
      "lon": 79.2840
    },
    "Mahabubabad": {
      "lat": 17.595749,
      "lon": 79.999922
    },
    "Mahbubnagar": {
      "lat": 16.743454,
      "lon": 77.992319
    },
    "Mancherial": {
      "lat": 18.876179,
      "lon": 79.44497
    },
    "Medak": {
      "lat": 18.045879,
      "lon": 78.265199
    },
    "Medchal Malkajgiri": {
      "lat": 17.5180,
      "lon": 78.3960
    },
    "Mulugu": {
      "lat": 18.193237,
      "lon": 79.941368
    },
    "Nagarkurnool": {
      "lat": 16.48703,
      "lon": 78.3169
    },
    "Nalgonda": {
      "lat": 17.0570,
      "lon": 79.2680
    },
    "Narayanpet": {
      "lat": 16.747761,
      "lon": 77.494995
    },
    "Nirmal": {
      "lat": 19.09246,
      "lon": 78.348604
    },
    "Nizamabad": {
      "lat": 18.673269,
      "lon": 78.097848
    },
    "Peddapalli": {
      "lat": 18.617724,
      "lon": 79.386807
    },
    "Rajanna Sircilla": {
      "lat": 18.3880,
      "lon": 78.8100
    },
    "Ranga Reddy": {
      "lat": 17.3930,
      "lon": 78.4280
    },
    "Sangareddy": {
      "lat": 17.615515,
      "lon": 78.081722
    },
    "Siddipet": {
      "lat": 18.101774,
      "lon": 78.852013
    },
    "Suryapet": {
      "lat": 17.140533,
      "lon": 79.622511
    },
    "Vikarabad": {
      "lat": 17.337922,
      "lon": 77.903986
    },
    "Wanaparthy": {
      "lat": 16.36178,
      "lon": 78.061084
    },
    "Warangal": {
      "lat": 17.982064,
      "lon": 79.597095
    },
    "Hanamkonda": {
      "lat": 18.006863,
      "lon": 79.557872
    },
    "Yadadri Bhuvanagiri": {
      "lat": 17.2800,
      "lon": 78.9500
    }
  },
  "Tripura": {
    "Dhalai": {
      "lat": 24.1950,
      "lon": 91.6930
    },
    "Gomati": {
      "lat": 23.5000,
      "lon": 91.3500
    },
    "Khowai": {
      "lat": 24.081208,
      "lon": 91.598906
    },
    "North Tripura": {
      "lat": 24.1500,
      "lon": 92.0000
    },
    "Sepahijala": {
      "lat": 23.7500,
      "lon": 91.3500
    },
    "South Tripura": {
      "lat": 23.0500,
      "lon": 91.5000
    },
    "Unakoti": {
      "lat": 24.3330,
      "lon": 92.1660
    },
    "West Tripura": {
      "lat": 23.8400,
      "lon": 91.2800
    }
  },
  "Uttar Pradesh": {
    "Agra": {
      "lat": 27.175255,
      "lon": 78.009816
    },
    "Aligarh": {
      "lat": 27.881541,
      "lon": 78.069022
    },
    "Prayagraj": {
      "lat": 25.43813,
      "lon": 81.8338
    },
    "Ambedkar Nagar": {
      "lat": 26.4300,
      "lon": 82.5500
    },
    "Amethi": {
      "lat": 26.157316,
      "lon": 81.805505
    },
    "Amroha": {
      "lat": 28.90662,
      "lon": 78.470731
    },
    "Auraiya": {
      "lat": 26.464516,
      "lon": 79.510159
    },
    "Azamgarh": {
      "lat": 26.065435,
      "lon": 83.184439
    },
    "Baghpat": {
      "lat": 28.943402,
      "lon": 77.219337
    },
    "Bahraich": {
      "lat": 27.5752,
      "lon": 81.5954
    },
    "Ballia": {
      "lat": 25.755745,
      "lon": 84.15033
    },
    "Balrampur": {
      "lat": 27.429513,
      "lon": 82.18546
    },
    "Banda": {
      "lat": 25.47378,
      "lon": 80.331273
    },
    "Barabanki": {
      "lat": 26.92741,
      "lon": 81.194838
    },
    "Bareilly": {
      "lat": 28.355099,
      "lon": 79.417851
    },
    "Basti": {
      "lat": 26.789558,
      "lon": 82.723135
    },
    "Bhadohi": {
      "lat": 25.394109,
      "lon": 82.570147
    },
    "Bijnor": {
      "lat": 29.369522,
      "lon": 78.137143
    },
    "Budaun": {
      "lat": 28.0367,
      "lon": 79.1234
    },
    "Bulandshahr": {
      "lat": 28.405652,
      "lon": 77.854252
    },
    "Chandauli": {
      "lat": 25.259269,
      "lon": 83.266794
    },
    "Chitrakoot": {
      "lat": 25.215826,
      "lon": 80.9164
    },
    "Deoria": {
      "lat": 26.499897,
      "lon": 83.782979
    },
    "Etah": {
      "lat": 27.56002,
      "lon": 78.657843
    },
    "Etawah": {
      "lat": 26.778067,
      "lon": 79.022002
    },
    "Ayodhya": {
      "lat": 26.799071,
      "lon": 82.205232
    },
    "Farrukhabad": {
      "lat": 27.389534,
      "lon": 79.579099
    },
    "Fatehpur": {
      "lat": 25.929116,
      "lon": 80.8106
    },
    "Firozabad": {
      "lat": 27.152799,
      "lon": 78.399144
    },
    "Gautam Buddha Nagar": {
      "lat": 28.5355,
      "lon": 77.3910
    },
    "Ghaziabad": {
      "lat": 28.671153,
      "lon": 77.412036
    },
    "Ghazipur": {
      "lat": 25.587416,
      "lon": 83.590396
    },
    "Gonda": {
      "lat": 27.133483,
      "lon": 81.961974
    },
    "Gorakhpur": {
      "lat": 26.760022,
      "lon": 83.366813
    },
    "Hamirpur": {
      "lat": 25.935199,
      "lon": 80.032457
    },
    "Hapur": {
      "lat": 28.729968,
      "lon": 77.775499
    },
    "Hardoi": {
      "lat": 27.401062,
      "lon": 80.132967
    },
    "Hathras": {
      "lat": 27.597589,
      "lon": 78.054548
    },
    "Jalaun": {
      "lat": 26.14319,
      "lon": 79.333568
    },
    "Jaunpur": {
      "lat": 25.7472,
      "lon": 82.689
    },
    "Jhansi": {
      "lat": 25.450246,
      "lon": 78.580009
    },
    "Kannauj": {
      "lat": 27.053635,
      "lon": 79.920172
    },
    "Kanpur Dehat": {
      "lat": 26.4610,
      "lon": 79.9060
    },
    "Kanpur Nagar": {
      "lat": 26.4499,
      "lon": 80.3319
    },
    "Kasganj": {
      "lat": 27.807703,
      "lon": 78.645623
    },
    "Kaushambi": {
      "lat": 28.638639,
      "lon": 77.326218
    },
    "Kheri": {
      "lat": 27.904204,
      "lon": 80.797244
    },
    "Kushinagar": {
      "lat": 26.743827,
      "lon": 83.916232
    },
    "Lalitpur": {
      "lat": 24.693569,
      "lon": 78.417887
    },
    "Lucknow": {
      "lat": 26.8381,
      "lon": 80.9346
    },
    "Maharajganj": {
      "lat": 27.1458,
      "lon": 83.562185
    },
    "Mahoba": {
      "lat": 25.288685,
      "lon": 79.879207
    },
    "Mainpuri": {
      "lat": 27.227068,
      "lon": 79.02717
    },
    "Mathura": {
      "lat": 27.495554,
      "lon": 77.685555
    },
    "Mau": {
      "lat": 25.93911,
      "lon": 83.571613
    },
    "Meerut": {
      "lat": 28.982653,
      "lon": 77.708101
    },
    "Mirzapur": {
      "lat": 25.146135,
      "lon": 82.568995
    },
    "Moradabad": {
      "lat": 28.833498,
      "lon": 78.773286
    },
    "Muzaffarnagar": {
      "lat": 29.466237,
      "lon": 77.69617
    },
    "Pilibhit": {
      "lat": 28.6295,
      "lon": 79.805407
    },
    "Pratapgarh": {
      "lat": 25.897401,
      "lon": 81.937365
    },
    "Raebareli": {
      "lat": 26.220774,
      "lon": 81.24652
    },
    "Rampur": {
      "lat": 28.8014,
      "lon": 79.028434
    },
    "Saharanpur": {
      "lat": 29.963744,
      "lon": 77.542746
    },
    "Sambhal": {
      "lat": 28.585197,
      "lon": 78.570932
    },
    "Sant Kabir Nagar": {
      "lat": 26.7870,
      "lon": 83.0440
    },
    "Shahjahanpur": {
      "lat": 27.882749,
      "lon": 79.910957
    },
    "Shamli": {
      "lat": 29.448349,
      "lon": 77.308772
    },
    "Shravasti": {
      "lat": 27.508343,
      "lon": 82.026357
    },
    "Siddharthnagar": {
      "lat": 27.2500,
      "lon": 83.0830
    },
    "Sitapur": {
      "lat": 27.561557,
      "lon": 80.684008
    },
    "Sonbhadra": {
      "lat": 24.6860,
      "lon": 83.0650
    },
    "Sultanpur": {
      "lat": 26.25886,
      "lon": 82.071689
    },
    "Unnao": {
      "lat": 26.543584,
      "lon": 80.487148
    },
    "Varanasi": {
      "lat": 25.335649,
      "lon": 83.007629
    }
  },
  "Uttarakhand": {
    "Almora": {
      "lat": 29.601699,
      "lon": 79.663263
    },
    "Bageshwar": {
      "lat": 29.837601,
      "lon": 79.771398
    },
    "Chamoli": {
      "lat": 29.275581,
      "lon": 79.739606
    },
    "Champawat": {
      "lat": 29.337271,
      "lon": 80.092086
    },
    "Dehradun": {
      "lat": 30.325565,
      "lon": 78.043681
    },
    "Haridwar": {
      "lat": 29.938447,
      "lon": 78.145298
    },
    "Nainital": {
      "lat": 29.391782,
      "lon": 79.455569
    },
    "Pauri": {
      "lat": 30.147988,
      "lon": 78.775952
    },
    "Pithoragarh": {
      "lat": 29.585871,
      "lon": 80.215167
    },
    "Rudraprayag": {
      "lat": 30.28656,
      "lon": 78.98072
    },
    "Tehri": {
      "lat": 30.37445,
      "lon": 78.43277
    },
    "Udham Singh Nagar": {
      "lat": 28.9800,
      "lon": 79.4000
    },
    "Uttarkashi": {
      "lat": 30.729105,
      "lon": 78.440349
    }
  },
  "West Bengal": {
    "Alipurduar": {
      "lat": 26.485157,
      "lon": 89.524693
    },
    "Bankura": {
      "lat": 23.235601,
      "lon": 87.066023
    },
    "Birbhum": {
      "lat": 23.8400,
      "lon": 87.6200
    },
    "Cooch Behar": {
      "lat": 26.32237,
      "lon": 89.459244
    },
    "Dakshin Dinajpur": {
      "lat": 25.1000,
      "lon": 88.7660
    },
    "Darjeeling": {
      "lat": 27.037755,
      "lon": 88.263176
    },
    "Hooghly": {
      "lat": 22.899225,
      "lon": 88.392134
    },
    "Howrah": {
      "lat": 22.57363,
      "lon": 88.325104
    },
    "Jalpaiguri": {
      "lat": 26.524159,
      "lon": 88.719751
    },
    "Jhargram": {
      "lat": 22.453851,
      "lon": 86.994948
    },
    "Kalimpong": {
      "lat": 27.070287,
      "lon": 88.472368
    },
    "Kolkata": {
      "lat": 22.572672,
      "lon": 88.363882
    },
    "Malda": {
      "lat": 25.005745,
      "lon": 88.139848
    },
    "Murshidabad": {
      "lat": 24.174599,
      "lon": 88.272133
    },
    "Nadia": {
      "lat": 23.4710,
      "lon": 88.5560
    },
    "North 24 Parganas": {
      "lat": 22.8640,
      "lon": 88.4020
    },
    "Paschim Bardhaman": {
      "lat": 23.6830,
      "lon": 87.5500
    },
    "Paschim Medinipur": {
      "lat": 22.4250,
      "lon": 87.3210
    },
    "Purba Bardhaman": {
      "lat": 23.418888,
      "lon": 87.854016
    },
    "Purba Medinipur": {
      "lat": 22.278812,
      "lon": 87.922504
    },
    "Purulia": {
      "lat": 23.329188,
      "lon": 86.367238
    },
    "South 24 Parganas": {
      "lat": 22.4050,
      "lon": 88.4180
    },
    "Uttar Dinajpur": {
      "lat": 25.6200,
      "lon": 88.1200
    }
  },
  "Andaman and Nicobar Islands": {
    "Nicobar": {
      "lat": 7.000017,
      "lon": 93.811053
    },
    "North Middle Andaman": {
      "lat": 12.6000,
      "lon": 92.9000
    },
    "South Andaman": {
      "lat": 11.858796,
      "lon": 92.69417
    }
  },
  "Chandigarh": {
    "Chandigarh": {
      "lat": 30.729844,
      "lon": 76.784146
    }
  },
  "Dadra and Nagar Haveli and Daman and Diu": {
    "Dadra and Nagar Haveli": {
      "lat": 20.1800,
      "lon": 73.0200
    },
    "Daman": {
      "lat": 20.420005,
      "lon": 72.863763
    },
    "Diu": {
      "lat": 20.713778,
      "lon": 70.985364
    }
  },
  "Delhi": {
    "Central Delhi": {
      "lat": 28.619487,
      "lon": 77.167525
    },
    "East Delhi": {
      "lat": 42.298973,
      "lon": -74.878771
    },
    "New Delhi": {
      "lat": 28.613895,
      "lon": 77.209006
    },
    "North Delhi": {
      "lat": 28.68746,
      "lon": 77.209602
    },
    "North East Delhi": {
      "lat": 28.7030,
      "lon": 77.2770
    },
    "North West Delhi": {
      "lat": 28.7090,
      "lon": 77.0680
    },
    "Shahdara": {
      "lat": 28.677304,
      "lon": 77.290347
    },
    "South Delhi": {
      "lat": 28.563273,
      "lon": 77.219398
    },
    "South East Delhi": {
      "lat": 28.5270,
      "lon": 77.2850
    },
    "South West Delhi": {
      "lat": 28.5920,
      "lon": 77.0680
    },
    "West Delhi": {
      "lat": 42.299528,
      "lon": -75.008219
    }
  },
  "Lakshadweep": {
    "Lakshadweep": {
      "lat": 10.5660,
      "lon": 72.6420
    }
  },
  "Ladakh": {
    "Kargil": {
      "lat": 34.559305,
      "lon": 76.125577
    },
    "Leh": {
      "lat": 34.164203,
      "lon": 77.584813
    }
  },
  "Puducherry": {
    "Karaikal": {
      "lat": 10.91571,
      "lon": 79.837576
    },
    "Mahe": {
      "lat": 11.702198,
      "lon": 75.53647
    },
    "Puducherry": {
      "lat": 11.934057,
      "lon": 79.830645
    },
    "Yanam": {
      "lat": 16.738503,
      "lon": 82.21062
    }
  }
}
